Name,Github,Email,Committer,Reviewer
Abhinav Rai,abhinavrai44,abhinavrai44@gmail.com,0,0
Ahmed Kandeel,kandeel,atkandeel@gmail.com,0,0
Aidan Rocke,AidanRocke,aidan.rocke@gmail.com,0,0
Akhila Ananthram,akhilaananthram,aananthram@numenta.com,0,0
Alexander Lavin,BoltzmannBrain,alexdlavin@gmail.com,1,0
Alexander Powell,alexaltair,alexanderaltair@gmail.com,0,0
Alexander Stepanov,sysmaker,alexander.a.stepanov@gmail.com,0,0
Alexander Zhipa,clumsy,alexander.jipa@gmail.com,0,0
Alexandre Vivmond,Setus,vivalex92@gmail.com,0,0
Allan Inocencio de Souza Costa,allanino,allaninocencio@yahoo.com.br,0,0
Andrew Jared Dillon,Hopding,andrew.dillon.j@gmail.com,0,0
Andrew Malta,andrewmalta13,andrew.malta@yale.edu,0,0
Andrey Cheremskuy,AndrewCh,acheremskoy@gmail.com,0,0
Anton Bobrov,antbob,neuroc0der@gmail.com,0,0
Antonio Pantelias Garces,Antoniopg,spacetime.a@gmail.com,0,0
Anubhav Chaturvedi,anubhavchaturvedi,mailforanubhav@gmail.com,0,0
Ari Kamlani,akamlani,akamlani@gmail.com,0,0
Arlo Breault,arlolra,arlolra@gmail.com,0,0
Aseem Hegshetye,aseem-hegshetye,axh118830@utdallas.edu,0,0
Austin Marshall,oxtopus,oxtopus@gmail.com,1,1
Azat Nurmagambetov,azatnur,azat_n@yahoo.com,0,0
Ben Shern,tapeguy,ben.shern@oracle.com,0,0
Bernardo Sulzbach,mafagafo,mafagafogigante@gmail.com,0,0
Bertie Wheen,Duta,wheen.b@gmail.com,0,0
Brad Bowman,bowman,brad.bowman@gmail.com,0,0
Bradley Frank,addos,brad.frank@gmail.com,0,0
Brev Patterson,brev,bpatterson@numenta.com,0,0
Carl Friess,carlfriess,carl.friess@me.com,0,0
Charles Lewis,cglewis,defermat@gmail.com,0,0
Chetan Surpur,chetan51,hetan51@gmail.com,1,1
Christopher Lee Simons,csimons,christopherleesimons@gmail.com,0,0
Craig Collins,KI-VEK,Craig.m.collins@comcast.net,0,0
Darío Hernán Erasmo,hernan-erasmo,dherasmo@gmail.com,0,0
Darian Ignatius,darian19,darian@avikpartners.com,0,0
David Brody,dbrody,dbrody@gmail.com,0,0
David Matiskella,dm1973,david@bytesequencing.com,0,0
David Petrillo,dpetrillo740,david.petrillo@gmail.com,0,0
David Pettit,pettitda,wo9m@yahoo.com,0,0
David Ragazzi,david-ragazzi,david_ragazzi@hotmail.com,1,0
David Ray,cogmission,cognitionmission@gmail.com,1,0
Dean Horak,deanhorak,dean.horak@gmail.com,0,0
Dominic Spadacene,domspad,domspad@umich.edu,0,0
Dominik Lach,asele,pogromcaowiec@student.uksw.edu.pl,0,0
Dylan Wilson,wilsondy,dylan.wilson@gmail.com,0,0
Eric Brown,EricSB,ericsb@live.com,0,0
Erik Blas,ravaa,erik.blas@gmail.com,0,0
Erin Loy,erinloy,eloy@crazydogventures.com,0,0
Eron Wright,EronWright,ewright@live.com,0,0
Evelyn Mitchell,evelynmitchell,efmphone@gmail.com,0,0
Fergal Byrne,fergalbyrne,fergal.byrne@examsupport.ie,0,0
Frank Leon Rose,esorf,frankleonrose@gmail.com,0,0
Gary Follett,garyfollett,gary@follett.com.au,0,0
George Vernau Jr,CONTAINERHOUSE,sales@containerhouse.com,0,0
Gil Shotan,gilsho,gilsho@cs.stanford.edu,0,0
Gilbert Jolly,gilbert-jolly,gilbertj99@gmail.com,0,0
Grant Wright,grant-wright,grant.wright@yahoo.com,0,0
Greg Slepak,taoeffect,contact@taoeffect.com,0,0
Helge Stahlmann,hstm,helge@hstm.me,0,0
Henry Mao,calclavia,henry@calclavia.com,0,0
Henry Pan,hpan1984,henryjpan@gmail.com,0,0
Hideaki Suzuki,h2suzuki,h2suzuki@gmail.com,0,0
Huang Xin,chrox,chrox.huang@gmail.com,0,0
Ian Danforth,iandanforth,idanforth@embodiedai.com,0,0
Il Memming Park,memming,memming@gmail.com,0,0
Jacob Fowles,jsfowles,js.fowles@gmail.com,0,0
Jacob Margason,jaake,jaake@jklm.io,0,0
Jacques Ludik,jludik,jludik@gmail.com,0,0
James Bridgewater,baroobob,jwbwater@gmail.com,0,0
James Moore,moorejpdx,james.moore.pdx@gmail.com,0,0
Jared Casner,jcasner,jcasner@gmail.com,0,0
Jared Weiss,jaredweiss,jweiss@numenta.com,0,0
Jason Poovey,sirpoovey,japoovey@gmail.com,0,0
Jay Gokhale,simjega,simjega@gmail.com,0,0
Jeff Fohl,jefffohl,jeff@fohl.com,0,0
Jeff Nelson,wordguru,jeff@onlineenterprise.com,0,0
Jeffrey Thompson,jkthompson,jeffreykeatingthompson@gmail.com,0,0
Jeremy Gordon,onejgordon,onejgordon@gmail.com,0,0
Joe Block,unixorn,jblock@numenta.com,0,0
John Cristian Borges Gamboa,vaulttech,vaulttech+numenta@gmail.com,0,0
John Shahbazian,jshahbazi,jshahbazi@hotmail.com,0,0
Jonathan Mackenzie,JonnoFTW,jonmac1@gmail.com,0,0
Jordan Dea-Mattson,jordandm,jdm@dea-mattson.com,0,0
Jordan Miller,LegitMiller,jordan.kay@gmail.com,0,0
Jose Luis Martin,chelu,jlm@joseluismartin.info,0,0
Joseph Skippings,joedot,Joe.skippings@gmail.com,0,0
Joseph-Anthony Perez,BlueConstellation,joe.perez@gmx.de,0,0
Joshua Alexander Rose,gamahead,gamahead@gmail.com,0,0
Justin Steventon,JustinSteventon,justin@steventon.com,0,0
Kanchan Katare,kanchan04katar,kanchan04katare@gmail.com,0,0
Karthik Raj Katipally,arhik,karthik.katipalli@gmail.com,0,0
Karthikeyan Subbaraj,karthiks9,karthispeaks@gmail.com,0,0
Kelly Wilson,wilsonk,wilsonk@cpsc.ucalgary.ca,0,0
Kenneth Hammett,BubbaRich,rich.hammett@gmail.com,0,0
Kevin Coghlan,kevincoghlan,mail@kevincoghlan.com,0,0
Kevin Martin Jose,lonesword,youcancallmekevin@gmail.com,0,0
Kirill Solovyev,solovyevk,solovyevk@gmail.com,0,0
Laurent Julliard,ljulliar,laurent@moldus.org,0,0
Li Meng Jun,Lupino,lmjubuntu@gmail.com,0,0
Luiz Scheinkman,lscheinkman,lscheinkman@numenta.com,0,0
Mandar Shashikant Tuljapurkar,mandarx,mannieeis@gmail.com,0,0
Manish Bhattarai,merolaagi,merolaagi@gmail.com,0,0
Manpreet Singh,badlogicmanpreet,mghotra81@gmail.com,0,0
Marc Girardot,mgirardo,mgirardo@cisco.com,0,0
Marcus Lewis,mrcslws,marcus@outlook.com,1,1
Marek Otahal,breznak,markotahal@gmail.com,1,0
Mariano Lucchetta,antidata,mmlucchetta@gmail.com,0,0
Marion Le Borgne,marionleborgne,leborgne.mar@gmail.com,0,0
Mark Ellul,mark-ellul,mark@iplusd.net,0,0
Markus Schulte,SchulteMarkus,markusschulte83@gmail.com,0,0
Matt Keith,keithcom,keith@keithcom.com,0,0
Matthew O'Connor,mattroid,mattroid@gmail.com,0,0
Matthew Taylor,rhyolight,matt@numenta.org,1,1
Mattias Eriksson,mattiaseriksson,eriksson.mattias@gmail.com,0,0
Mauricio Roman,MauricioRoman,mauricio@loggly.com,0,0
Max Lapan,shmuma,max.lapan@gmail.com,0,0
Mehmet Akten,memo,memo@memo.tv,0,0
Melissa Fabros,go-bears,melissa.fabros@gmail.com,0,0
Michael Ellertson,mellertson,mdellertson@gmail.com,0,0
Michael Galetzka,cultrarius,Galetzka.michael@gmail.com,0,0
Michael Lee,metaml,metaml@gmail.com,0,0
Michael Roy Ames,michaelroyames,michaelroyames@yahoo.com,0,0
Michele Belloli,mkbelloli,michele.belloli@gmail.com,0,0
Mihail Eric,mihail911,mihail911@gmail.com,0,0
Mikhail Smirnov,smirmik,smirmik@gmail.com,0,0
Mirko Klukas,mirkoklukas,mirko.klukas@gmail.com,0,0
Mohit Rathore,markroxor,mrmohitrathoremr@gmail.com,0,0
Nasser Alshammari,nashamri,designernasser@gmail.com,0,0
Nathan Crock,mathnathan,mathnathan@gmail.com,0,0
Nathanael Romano,natoromano,nromano@numenta.com,0,0
Nathaniel Cook,nathanielc,nvcook42@gmail.com,0,0
Paolo Gavazzi,pgavazzi,pgavazzi@softcactus.com,0,0
Papa Niang,pniang,Opendatageek@gmail.com,0,0
Pascal Ehlert,pehlert,pascal@hacksrus.net,0,0
Pascal Weinberger,passiweinberger,passiweinberger@gmail.com,0,0
Patrick Emami,pemami4911,pemami@ufl.edu,0,0
Patrick Higgins,pat-man,patman@cybermesa.com,0,0
Paul Payne,payneio,paul@payne.io,0,0
Paulo Reis Rodrigues,khamael,paulo@mint-labs.com,0,0
Paxon Frady,epaxon,paxon.frady@gmail.com,0,0
Peter Hunt,petehunt,floydophone@gmail.com,0,0
Peter Weller,ptkweller,p.weller@cortical.io,0,0
Petr Kovalev,Petr-Kovalev,Petr.Kovalev@live.ru,0,0
PK Rasam,pkrasam,pkrasam@gmail.com,0,0
Pradeepto Bhattacharya,pradeepto,pradeeptob@gmail.com,0,0
Prateek Agrawal,codewatson,prateeka100@gmail.com,0,0
Pravin Sonawane,PravSonawane,june.pravin@gmail.com,0,0
Pulin Agrawal,pulinagrawal,pulinagrawal@gmail.com,0,0
Rahul Agarwal,rahul1,ragarwal@numenta.com,0,0
Rakesh Kumar,gopchandani,gopchandani@gmail.com,0,0
Ralf Seliger,chessweb01,selr@alice.de,0,0
Ramesh Ganesan,info2ram,info2ram@gmail.com,0,0
Richard Crowder,rcrowder,riccro@gmail.com,1,0
Rob de Bliek,rdebliek,rdebliek@gmail.com,0,0
Robert Maxwell Smith,rmsmith007,rmsmith007@gmail.com,0,0
Robert Schmidt,Lacota,robert.schmidt@lacota.com,0,0
Rupali Behera,rupalibehera,rupalibehera3@gmail.com,0,0
Ryan James McCall,rmccall84,mccall.ryan@gmail.com,0,0
Sagan Bolliger,SaganBolliger,sbolliger@numenta.com,0,0
Sambit Gaan,sambitgaan,sambit.gaan@gmail.com,0,0
Samya Bagchi,sbagchi12,samya.bagchi@gmail.com,0,0
Scott Kidder,skidder,kidder.scott@gmail.com,0,0
Scott Purdy,scottpurdy,scott@numenta.org,1,1
Sean Connolly,connollyst,connolly.st@gmail.com,0,0
Sean Silva,chisophugis,chisophugis@gmail.com,0,0
Sebastian Billaudelle,sbillaudelle,sbillaudelle@gmail.com,0,0
Sebastian Narvaez Rodriguez,larvasapiens,sebastian.narvaez@correounivalle.edu.co,0,0
Sergey Alexashenko,salexashenko,s.aleksashenko@gmail.com,0,0
Sergey Bryukov,surge-,sbryukov@gmail.com,0,0
Sergey Milanov,smilanov,s_milanov@yahoo.com,0,0
Shahbaaz Mhaisale,smhaisale,smhaisale@gmail.com,0,0
Shantanu Mahajan,shantanoo,shantanoo@gmail.com,0,0
Sourav Singh,souravsingh,ssouravsingh12@gmail.com,0,0
Spencer Yeh,spencery2,spenceryeh3@gmail.com,0,0
Sreenath Madasu,smadasu,Sreenath.Madasu@gmail.com,0,0
Stewart Mackenzie,sjmackenzie,setori88@gmail.com,0,0
Subutai Ahmad,subutai,subutai@numenta.org,1,1
Sun Muxin,RedShit,sspa@foxmail.com,0,0
Sun Muxin,realsightAPM,sunmuxin@neusoft.com,0,0
Swapnil Pandit,swapnilpandit09,swapnil.pandit9@gmail.com,0,0
Sylvain Benner,syl20bnr,sylvain.benner@gmail.com,0,0
Takashi Yamamoto,TakashiYamamoto,takashi@caelum.co.jp,0,0
Thanh Binh To,thanh-binh,thanh-binh.to@online.de,0,0
Thomas Macrina,macrintr,thomas.macrina@gmail.com,0,0
Tim Boudreau,timboudreau,niftiness@gmail.com,0,0
Timothy Farley,trfarley,t.farley@loma.k12.ca.us,0,0
Timothy McNamara,timClicks,paperless@timmcnamara.co.nz,0,0
Tom Silver,tomsilver,tomssilver@gmail.com,0,0
Tomas Sigurdarson,icecog,tomas.sigurdarson@gmail.com,0,0
Ugur Caliskan,ugurthemaster,ugurthemaster@gmail.com,0,0
Utensil Song,utensil,utensilcandel@gmail.com,1,0
Valter Heger,heger-valter,heger.valter@gmail.com,0,0
Victor Hernandez-Urbina,hernandezurbina,vhernandezurbina@numenta.com,0,0
Vikas Saxena,VKS82,vsaxena@vt.edu,0,0
Viraj Sinha,vsinha,virajosinha@gmail.com,0,0
Vitaly Kruglikov,vitaly-krugl,vkruglikov@numenta.com,1,1
Vladimir Nikishenko,vova616,vova616@gmail.com,0,0
Volodymyr Moldavskyy,maxima120,maxima120@hotmail.com,0,0
Wei Wang,tskatom,tskatom@gmail.com,0,0
Will Perkins,willperkins,hello@willperkins.com,0,0
William Miller,wlmiller,wlmiller@gmail.com,0,0
William Welch,welch,welch@quietplease.com,0,0
William Wnekowicz,flysonic10,william.wnekowicz@gmail.com,0,0
Wu Hao,whsdu,wuhao29@gmail.com,0,0
Xiyu Yu,xiyuyu,Xiyu.Yu@student.uts.edu.au,0,0
Yuwei Cui,ywcui1990,ywcui1990@gmail.com,0,0
Yuya Takashina,y-takashina,takashina2051@toki.waseda.jp,0,0
Zac Gross,zacg,zacgross@gmail.com,0,0
Zac Kohn,zackohn,zackohn@yahoo.com,0,0
Zuha Agha,zuhaagha,zagha@numenta.com,0,0
Sungjin OH,osungjin,sungjin7@gmail.com,0,0
